IndexNb,ISOKeyA,ISOKeyB,EnglishName,Age,ISO15924,ISOandUnicode,Proposal,ExclusionCriteria,InclusionInventory,Font,Range,FinalDataset,ReasonExclusion,DataCollectionMisc,names,author,place,idiosyncratic,alive,ancestor,ancestorSimple,family,type,ancestorSources,familyComment,familySources,,typeSources
1,Arab,160,Arabic,1.1,1,1,N/A,0,1,NotoSansArabic-Regular.ttf,"0621-063A, 0641-064A, 066E-066F, 0673",1,,,"Arabic (0,1,2,3...),",x,Arabic peninsula,0,1,Nbat,Nbat,Middle East,abjad,"Nbat (1,2,3,5,6)",,"Semitic (1) Middle Eastern (2,5) West Asia > Africa (3)",,abjad (1-7)
2,Aran,161,Arabic (Nastaliq variant),1.1,1,1,N/A,1,0,,,0,Nastaliq (typographic) variant of Arab,,,,,,,,,,,,,,,
3,Armn,230,Armenian,1.1,1,1,N/A,0,1,arnamu.ttf,"0531-0556, 0561-0586",1,,,"Armenian (0,1,2,3,5)",Mesrop Mashtots,Armenia,0,1,Grek,Grek,Europe,alphabet,"Greek (1,2,3,6) Grek & Syrc (5)",,"Greek (1) European (2,5) West Asia > Armenia &æ Proto-Sinaitic (3)",,alphabet (1-7)
4,Beng,325,Bengali (Bangla),1.1,1,1,N/A,0,1,CODE2000.TTF,0985-09B9,1,,,"Bengali (0,2,3,5...)",x,Eastern India,0,1,Brah,Brah,India,abugida,"Brah (2,5,6,7), Nagari (3)",,æSouth Asian (2) South Asia & Brahmin (3) Indic (5),,abugida (2-7)
5,Bopo,285,Bopomofo,1.1,1,1,N/A,1,0,,,0,Phonetic alphabet not used independently from other scripts,,,,,,,,,,,,,,,
6,Cyrl,220,Cyrillic,1.1,1,1,N/A,0,1,Quivira.ttf,0410-044F,1,,,"Cyrillic (0,1,2,3,5...)",x,"Bulgarian empire, NE Balkans",0,1,Grek,Grek,Europe,alphabet,"Glag (2), Grek (3,5,6,7)",,European „ Slavic (2) Europe (Greek) (3) Europe (5),,alphabet (1-7)
7,Cyrs,221,Cyrillic (Old Church Slavonic variant),1.1,1,1,N/A,0,1,ALPHABETUM.otf,0460-0481,1,,,"Cyrillic, Old Church Slavonic Variant (0,5)",x,"Bulgarian empire, NE Balkans",0,1,Glag,Glag,Europe,alphabet,Glag (5),,European (5),,"alphabet (1, 3-7)"
8,Deva,315,Devanagari (Nagari),1.1,1,1,N/A,0,1,NotoSansDevanagari-Regular.ttf,0904-0939,1,,,"Devanagari (Nagari) (0,1,2,3...)",x,Eastern India & Nepal,0,1,Brah,Brah,India,abugida,"Brah (1,2,3,5,6,7)",,"Indian (1,5) South Asian (2)æ South Asia & Brahmin (3)",,abugida (2-7)
9,Geok,241,Khutsuri (Asomtavruli and Nuskhuri),1.1,1,1,N/A,0,1,No available font,,0,No available font,,,,,,,,,,,,,,,
10,Geor,240,Georgian (Mkhedruli and Mtavruli),1.1,1,1,N/A,0,1,ArialUnicode.ttf,10D0-10F0,1,,,"Georgian (Mkhedruli) (0,2,5) Georgian (1,3)æ",x,"Caucasian Iberia, present day Eastern Georgia",0,1,Grek,Grek,Europe,alphabet,"Greek (2,3,6)",,"Europeanæ (2,5) West Asia &æ Proto-Sinaitic (3)",,alphabet (1-7)
11,Grek,200,Greek,1.1,1,1,N/A,0,1,Quivira.ttf,"0370-0373, 0376-0377, 0388-03CE, 03D8-03E1",1,,,"Greek (0,1,2,3)",x,Greece,0,1,Phnx,Phnx,Europe,alphabet,"Phnx (2,3,5,6,7)",,"European (2,5) Europe (Proto-Sinaitic) (3)",,alphabet (1-7)
12,Gujr,320,Gujarati,1.1,1,1,N/A,0,1,NotoSansGujarati-Regular.ttf,0A85-0AB9,1,,,"Gujarati (0,2,3æ",x,"Gujarat, India",0,1,Deva,Deva,India,abugida,"Deva (2,3,6,7)",,"æSouth Asian (2)æ South Asia & Brahmin (3), Indic (5)",,abugida (2-7)
13,Guru,310,Gurmukhi,1.1,1,1,N/A,0,1,CODE2000.TTF,"0A05-0A39, 0A59-0A5E",1,,,"Gurmukhi (0,2,3 (Punjabi language)",x,"Punjab, India",0,1,Shrd,Shrd,India,abugida,"Brah (2,5) Brah > Gupta > Landa (3,7) Shrd (6)",,æSouth Asian (2)æ South Asia & Brahmin (3) Indic (5),,abugida (2-7)
14,Hanb,503,Han with Bopomofo (alias for Han + Bopomofo),1.1,1,1,N/A,1,0,,,0,"Han with Bopomofo (alias for Han + Bopomofo) - Han covered with Hani, and Bopomofo excluded for other reasons",,,,,,,,,,,,,,,
15,Hang,286,"Hangul (Hang_l, Hangeul)",1.1,1,1,N/A,0,1,CODE2000.TTF,AC00-D7AF,1,,,"Hangul (Hangeul) (0,1,2,3...)",x,Korea,0,1,undocumented,,East Asian,featural system,"Chinese (1,6) Tibt (2)",,"Japanese, Korean Viet (1) East Asian (2,3,5)",,"featural alphabet (3, 5-6), syllabary (2, 4)"
16,Hani,500,"Han (Hanzi, Kanji, Hanja)",1.1,1,1,N/A,0,1,NotoSansCJKsc-Regular.otf,4E00-9FEF,1,,Five symbols missing (9FEB to 9FEF),"Han (Hanzi, Kanji, Hanja)",x,"East Asia (China, Japan, Korea, Taiwan, Singapore)",0,1,none,,East Asian,logosyllabary,Oracle Bone script (1-6),,East Asian (1-7),,"logosyllabary (1,2,4,5,7), logographic (3,6,7)"
17,Hans,501,Han (Simplified variant),1.1,1,1,N/A,1,0,,,0,Subset of (already comprised in) Hani,,,,,,,,,,,,,,,
18,Hant,502,Han (Traditional variant),1.1,1,1,N/A,1,0,,,0,Subset of (already comprised in) Hani,,,,,,,,,,,,,,,
19,Hebr,125,Hebrew,1.1,1,1,N/A,0,1,CODE2000.TTF,05D0-05EA,1,,,"Hebrewæ (0,1,3) Jewish Script (2)",x,Palestine,0,1,Armi,Armi,Middle East,abjad,"Old Hebrew (1,2), Armi (3,5,6,7)",,"Semitic (1) Middle Eastern (2,5) West Asia &æ Proto-Sinaitic (3)",,abjad (1-7)
20,Hira,410,Hiragana,1.1,1,1,N/A,1,0,,,0,Included in Hrkt,,,,,,,,,,,,,,,
21,Hrkt,412,Japanese syllabaries (alias for Hiragana + Katakana),1.1,1,1,N/A,0,1,NotoSansCJKjp-Regular.otf,"3041-3096, 30A1-30FA",1,,,"Japanese syllabaries (Hiragana+Katakana) (0,1,2...)",x,Japan,0,1,undocumented,,East Asian,syllabary,"Chinese (1,2,3,6,7)",,"Japanese, Korean Viet (1), East Asian (2,5) East Asia & Sinitic (3)",,"syllabary (1,2, 4-7), logophonetic (3)"
22,Jamo,284,Jamo (alias for Jamo subset of Hangul),1.1,1,1,N/A,1,0,,,0,Subset of Hangul. Fused with Hang,,,,,,,,,,,,,,,
23,Jpan,413,Japanese (alias for Han + Hiragana + Katakana),1.1,1,1,N/A,1,0,,,0,Super-category including Kana and Kanji,,,,,,,,,,,,,,,
24,Kana,411,Katakana,1.1,1,1,N/A,1,0,,,0,Included in Hrkt,,,,,,,,,,,,,,,
25,Knda,345,Kannada,1.1,1,1,N/A,0,1,CODE2000.TTF,0C85-0CB9,1,,,"Kannada (0,2,3) Old Kannada, Kadamba (3) (incl. info about Kadamba & Old Kannada & Pallava)",x,South India,0,1,Brah,Brah,India,abugida,"Kadamba & Chalukya (2,6,7) [Brah]",,æSouth Asian (2)æ South Asia & Brahmin (3) Indic (5),,abugida (2-7)
26,Kore,287,Korean (alias for Hangul + Han),1.1,1,1,N/A,1,0,,,0,Super-category including Hangul and chinese characters,,,,,,,,,,,,,,,
27,Laoo,356,Lao,1.1,1,1,N/A,0,1,NotoSerifLao-Regular.ttf,0E81-0EAE; 0EB0; 0EC0-0EC4,1,,,"Lao (0,2,3)",x,Laos,0,1,Khmr,Khmr,SE Asiaæ,abugida,"Khmer (2,3,6,7)",,"æSouthEast Asian (2,3,5)",,abugida (3-7)
28,Latf,217,Latin (Fraktur variant),1.1,1,1,N/A,1,0,,,0,Typeface of Latin,,,,,,,,,,,,,,,
29,Latg,216,Latin (Gaelic variant),1.1,1,1,N/A,1,0,,,0,Typeface of Latin,,,,,,,,,,,,,,,
30,Latn,215,Latin,1.1,1,1,N/A,0,1,CODE2000.TTF,"0041-005A, 0061-007A",1,,,"Latin (0,1,3) Roman (2)æ",x,"Latium, Italy (Rome)",0,1,Ital,Ital,Europe,alphabet,"Greek (1) Ital (3,6)",,"Greek (1) European (2,5) Europe (Proto-Sinaitic) (3)",,alphabet (1-7)
31,Mlym,347,Malayalam,1.1,1,1,N/A,0,1,NotoSansMalayalam-Regular.ttf,0D05-0D3A,1,,,"Malayalam (0,2,3)",x,"Kerala, India",0,1,Gran,Gran,India,abugida,"Brah (2), Gran (3,6,7)",,"South Asian (2)æ South Asia & Brahmin (3), Indic (5)",,abugida (2-7)
32,Orya,327,Oriya (Odia),1.1,1,1,N/A,0,1,NotoSansOriya-Regular.ttf,"0B05-0B39, 0B5C-0B5F, 0B71",1,,,"Oriya (0,2,3) (Odia, Kalinga)",x,"Odisha, India",0,1,Beng,Beng,India,abugida,"Brah (2,6) Beng (3)",,æSouth Asian (2) South Asiaæ - India & Brahmiæ (3) Indic (5),,abugida (2-7)
33,Taml,346,Tamil,1.1,1,1,N/A,0,1,NotoSansTamil-Regular.ttf,0B85-0BB9,1,,,"Tamil (0,2,3)",x,"Tamil Nadu, INdia, & Sri Lanka",0,1,Gran,Gran,India,abugida,"Brahmi > Grantha (2,3) Brah (6)",,æSouth Asian (2) South Asiaæ - India & Brahmiæ (3) Indic (5),,"alphabet (1), abugida (2-7)"
34,Telu,340,Telugu,1.1,1,1,N/A,0,1,CODE2000.TTF,0C05-0C39,1,,One missing symbol (00C34),"Telugu (0,2,3)",x,"Andra Pradesh, India",0,1,Brah,Brah,India,abugida,"Old Kannada > Kannada & Telugu (2,3) Brah (6)",,æSouth Asian (2)æ South Asia & Brahmin (3) Indic (5),,abugida (2-7)
35,Thai,352,Thai,1.1,1,1,N/A,0,1,CODE2000.TTF,"0E01-0E30, 0E32-0E33, 0E40-0E44",1,,,"Thai (0,2,3)",x,Thailand,0,1,Khmr,Khmr,SE Asiaæ,abugida,"Grantha > Khmer (2,3,6,7)",,"æSouthEast Asian (2,3,5)",,abugida (2-7)
36,Gonm,313,Masaram Gondi,10,1,1,N/A,0,1,No available font,,0,No available font,,,,,,,,,,,,,,,
37,Nshu,499,NÙshu,10,1,1,N/A,0,1,No available font,,0,No available font,,,,,,,,,,,,,,,
38,Soyo,329,Soyombo,10,1,1,N/A,0,1,JGSoyombo.ttf,"11A50, 11A5C-11A83",1,,Remapped -1 symbol missing (11A79),Soyombo,Zanabazar (4-7),"Mongolia (6), Central Asia (4)",0,1,Deva,Deva,India,abugida,"Devanagari (6,7), Brahmi (4)",,"South & Central Asia (4), Indic (5)",,abugida (4-7)
39,Zanb,339,"Zanabazar Square (Zanabazarin D_rb_ljin Useg, Xewtee D_rb_ljin Bicig, Horizontal Square Script)",10,1,1,N/A,0,1,BabelStoneZanabazar.ttf,"11A00, 11A0B-11A32",1,,,"Zanabazar Square (Zanabazarin D_rb_ljin Useg, Xewtee D_rb_ljin Bicig, Horizontal Square Script)",Zanabazar (4-6),Mongolia (4-5),0,0,Phag,Phag,India,abugida,"Tibetan (4,5), 'Phags-Pa (6)",,"South & Central Asia (4), Central Asia (5)",,abugida (4-7)
40,Tibt,330,Tibetan,2,1,1,N/A,0,1,NotoSansTibetan-Regular.ttf,"0F00, 0F40-0F6A",1,,,"Tibetanæ (0,1,2,3) (aka Bodhi, Joyi in Bhutan)",x (controversial author Tonmi Sambodha),Tibet (China),0,1,Deva,Deva,India,abugida,"unknown (2) Brah (3,6) Devanagari (7)",included because of its location and connection to Brahmic,Indian (1) South Asian (2)æ South Asia & Brahmi (3) Indic (5),,abugida (1-7)
41,Brai,570,Braille,3,1,1,N/A,1,0,,,0,Not a visual writing system,,,,,,,,,,,,,,,
42,Cans,440,Unified Canadian Aboriginal Syllabics,3,1,1,N/A,0,1,NotoSansCanadianAboriginal-Regular.ttf,"1401-167F, excl. 141E-142A, 156F, 166D-E",1,,,"Unified Canadian Aboriginal Scripts (0) Cree (2) Cree Inuktikut (1,3) Ojibwe, Blackfoot, Algonquin, Carrier)",James Evans,Eastern Canada,1,1,none,,Modern Inventions,syllabary,,,Others (1) Modern Inventions (2) American (5),,"syllabary (1-7), abugida (5,6)"
43,Cher,445,Cherokee,3,1,1,N/A,0,1,EversonMono.ttf,13A0-13F4,1,,,"Cherokee (0,1,2,...)",Sequoyah,"Georgia, North & South Carolina, USA",0,1,Latn,Latn,Modern Inventions,syllabary,"Ltn (1,2,3,5,6)",,Others (1) Mordern Inventions (2) American (5),,syllbary (1-7)
44,Ethi,430,Ethiopic (Ge_ez),3,1,1,N/A,0,1,NotoSansEthiopic-Regular.ttf,1200-135A,1,,,"GeÍez (Ethiopic) (0,1,2,3)",x,Ethiopia,0,1,Sarb,Sarb,Middle East,syllabary,"Sarb (1,2,3,4,6)",,Semitic (1) Middle Eastern (2) Africa A Proto-Sinaitic> Sout arabian,,"abugida (1, 2, 4-7), syllabary (2-5)"
45,Khmr,355,Khmer,3,1,1,N/A,0,1,CODE2000.TTF,"1780-17A2, 17A5-17B3",1,,,"Khmer (0,2,3)",x,Cambodia,0,1,Brah,Brah,SE Asiaæ,abugida,"Brah (2,5,6,7)",,"æSouthEast Asian (2,3,5)",,abugida (2-7)
46,Mong,145,Mongolian,3,1,1,N/A,0,1,NotoSansMongolian-Regular.ttf,1820-1842,1,,,"Mongolian (0,1,2,3) (incl. info on Oriat/Kamyk clear script) (Hudum as opposed to Todo)",x,Mongolia,0,1,Syrc,Syrc,Middle East,alphabet,"Syrc > Old Uyghur (1,2,3,7) Armi (4) Armi > Syrc > uyghur (6)",,Indian (1) Middle Eastern: Aramaic (2) Central Asia & Aramaic (3) Central Asian (5),,alphabet (2-7)
47,Mymr,350,Myanmar (Burmese),3,1,1,N/A,0,1,Padauk Unicode Font,1000-102A,1,,,"Burmese, Myanmar (0,2,3) (incl. info on Shan)æ",x,Myanmar,0,1,Brah,Brah,SE Asiaæ,abugida,"Brah (1,2,6)",,"SouthEast Asian (2,3,5)",,abugida (1-7)
48,Ogam,212,Ogham,3,1,1,N/A,0,1,EversonMono.ttf,1681-169A,1,,,"Ogham (0,1,2)",x,Ireland,0,0,undocumented,,Europe,alphabet,,"included because of its European location, and because it is often thought to be a remote descendant of latin or runicæ","Others (1) European (2,5)",,alphabet (1-7)
49,Runr,211,Runic,3,1,1,N/A,0,1,NotoSansRunic-Regular.ttf,16A0-16EA,1,,,"Runicæ (0,1,2)",x,Scandinavia,0,0,undocumented,,Europe,alphabet,unknown (2) Ital or Grek (3) Latn (7),,"Others (1) European (2,5)",,alphabet (1-7)
50,Sinh,348,Sinhala,3,1,1,N/A,0,1,NotoSansSinhala-Regular.ttf,0D85-0DC6,1,,,"Sinhala (0,2,3)",x,Sri Lanka,0,1,Gran,Gran,India,abugida,"Gran (2) Brah (5,6,7)",,"æSouth Asian (2) South Asiaæ - India & Brahmiæ (3), Indic (5)",,abugida (3-7)
51,Syrc,135,Syriac,3,1,1,N/A,0,1,NotoSansSyriac-Regular.ttf,0710-072C,1,,,"Syriac (0,3,5) Classical Syriac (2)",x,Mesopotamia (Iraq),0,1,Armi,Armi,Middle East,abjad,"Armi (2,3,6)",,Middle Eastern: Aramaic scripts (2) West Asia &æ Proto-Sinaitic> Aramaic (3) Middle Eastern 5),,abjad (1-7)
52,Syre,138,Syriac (Estrangelo variant),3,1,1,N/A,1,0,,,0,Estrangelo Syriac - typographic variant. Fused with Syrc,,,,,,,,,,,,,,,
53,Syrj,137,Syriac (Western variant),3,1,1,N/A,1,0,,,0,Western Syriac - typographic variant. Fused with Syrc,,,,,,,,,,,,,,,
54,Syrn,136,Syriac (Eastern variant),3,1,1,N/A,1,0,,,0,Eastern Syriac - typographic variant. Fused with Syrc,,,,,,,,,,,,,,,
55,Thaa,170,Thaana,3,1,1,N/A,0,1,CODE2000.TTF,0780-0797,1,,,"Taana (aka Thaana) (0,2) (for Divevi)",x,Maldives Islands (Indian Ocean),0,1,Arab,Arab,SE Asia Insular,alphabet,"fusion (3,6) Arab (4)","included, in spite of location because of phylogeny",Indic (5),,"alphabet (2,4-6), abugida (3,5), abjad (7)"
56,Yiii,460,Yi,3,1,1,N/A,0,1,NuosuSIL.ttf,"A000-A014, A016-A48C",1,,,Yi,"Aki (6,7)","southwest China (1-5), southern China (6-7)",0,1,none,,East Asian,syllabary,,,"Tibeto-Burman (1), East Asian (2-5)",,"syllabary (1-7), logosyllabary (5)"
57,Dsrt,250,Deseret (Mormon),3.1,1,1,N/A,0,1,NotoSansDeseret-Regular.ttf,10400-1044F,1,,,Deseret (Mormon) (0),(group invention),"Utah, USA",0,0,Latn,Latn,Modern Inventions,alphabet,"Latn (6,7)",,American (5),,alphabet (4-7)
58,Goth,206,Gothic,3.1,1,1,N/A,0,1,ALPHABETUM.otf,10330-1034A,1,,,"Gothic (0,1)",Wulfila,Bulgariaæ,0,0,Grek,Grek,Europe,alphabet,"Greek (1,2,4,5,6)",,"Greek (1) European (2,5) West Asia > Armenia &æ Proto-Sinaitic (3)",,alphabet (1-7)
59,Ital,210,"Old Italic (Etruscan, Oscan, etc.)",3.1,1,1,N/A,0,1,Quivira.ttf,10300-1031A,1,,,"Old Italic (0) Etruscan (1)æ Scripts of Italy (2) Oscan, Etrusca, Ve,netic, Faliscan (3)æ",x,Italy,0,0,Grek,Grek,Europe,alphabet,"Greek (1,2,4,6,7)",,"Greek (1) European (2,3,5)",,alphabet (1-7)
60,Buhd,372,Buhid,3.2,1,1,N/A,0,1,CODE2000.TTF,1740-1751,1,,,"Buhid (0,5) (aka Mangyan)",x,"Mindoro, Philippines",0,1,Tglg,Tglg,SE Asia Insular,abugida,"Brahmi > Java (Kawi) (3) (7) Tglg (4,5)",,"SouthEast Asian (3,5)",,abugida (3-7)
61,Hano,371,Hanunoo (HanunÑo),3.2,1,1,N/A,0,1,Quivira.ttf,1720-1731,1,,,"HanunÑo (0,2) (Mangyan)",x,"Mindoro, Philippines",0,1,Tglg,Tglg,SE Asia Insular,abugida,"Indic Script (2) Brah (3,5), Tglg (4) ava (Kawi) (6,7)",,"æSouthEast Asian (2,3,5)",,"syllabary (2), abugida or syllabic alphabet (2-7)"
62,Tagb,373,Tagbanwa,3.2,1,1,N/A,0,1,Quivira.ttf,1760-1770,1,,,Tagbanwa (0),x,"Palawan, Philippines",0,1,Tglg,Tglg,SE Asia Insular,abugida,"Tglg (4), Brah (5) Java (Kawi) (6,7)",,Insular SE Asian (5),,abugida (4-7)
63,Tglg,370,"Tagalog (Baybayin, Alibata)",3.2,1,1,N/A,0,1,NotoSansTagalog-Regular.ttf,1700-1711,1,,,"Baybayin, Ayibata, Tagalog (0,3)",x,Philippines,0,0,Gran,Gran,SE Asia Insular,abugida,"Brah > Kawi (3,4,5) Brah > Gran >æ Palava (6)",,SouthEast Asian (3) Insular SE Asia (5),,abugida (3-7)
64,Cprt,403,Cypriot syllabary,4,1,1,N/A,0,1,NotoSansCypriot-Regular.ttf,10800-1083F,1,,,"Cypriot (0,5) Cyprus Script (Cypriote Syllabary)",x,Cyprus,0,0,Linb,Linb,Europe,syllabary,"Phnx (2) LinB (4,5) LinA (7)",,Ancient Near Eastern: Semitic. Also: European (2) European (5),,syllbary (1-7)
65,Limb,336,Limbu,4,1,1,N/A,0,1,NotoSansLimbu-Regular.ttf,1900-191E,1,,Two symbols missing (191D & 191E are not computed properly from the font),"Limbu (0)æ (aka Kirati, Sirijanga)",x unreliable legends,Nepal,0,1,Brah,Brah,India,abugida,"Lepc (6) Brah, not Lepc (7)",,Central Asian (5),,abugida (4-7)
66,Linb,401,Linear B,4,1,1,N/A,0,1,Aegean.ttf,10000-1003F,1,,,"Linear B syllabary (0,1,2...)",x,Crete,0,0,none,,Europe,syllabary,,"included because it is commonly placed in the Greek or European family (most of my sources do so), and because a connexion with Phoenician is possible.",Greek (1) Ancient Near Eastern: Semitic (2) Europe & Cretan (3) Europe (5),,"syllabary (1-2, 4, 5), logosyllabary (3, 5,7)"
67,Osma,260,Osmanya,4,1,1,N/A,0,1,NotoSansOsmanya-Regular.ttf,10480-1049D,1,,,"Osmanya (0) (Somali, aka Cismaanya)",Osman Yusuf Kenadid,Somalia,1,0,none,,Modern Inventions,alphabet,,,African 5,,"alphabet (2, 4-7)"
68,Shaw,281,Shavian (Shaw),4,1,1,N/A,0,1,EversonMono.ttf,10450-1047F,1,,,Shavian (Shaw) (0),George Bernard Shaw,England,1,0,none,,Modern Inventions,alphabet,,,,,alphabet (4-7)
69,Tale,353,Tai Le,4,1,1,N/A,0,1,NotoSansTaiLe-Regular.ttf,1950-196D,1,,,"Tai Le (0) (aka Dehong Dai, Tai NÙa, Tai Kong, Shan)",x,"Yunnan province, China, & Shan regions of Myanmar",0,1,Brah,Brah,SE Asiaæ,abugida,,,SouthEast Asian (5),,abugida (4-7)
70,Ugar,40,Ugaritic,4,1,1,N/A,0,1,EversonMono.ttf,10380-1039D,1,,,"Ugaritic (0,1,3)",x,"Ugarit (Ras Shamra), Syria",0,0,undocumented,,Middle East,abjad,Akkadian cuneiform & Semitic writing (1),,Cuneiform (1) West Asia &æ Cuneifromæ (3) Middle Eastern (5),,abjad (1-7)
71,Bugi,367,Buginese,4.1,1,1,N/A,0,1,NotoSansBuginese-Regular.ttf,1A00-1A16,1,,,"Buginese (0,3,5) (lontara) South Sulawwesi : Buginese (2)",x,"Sulawesi, Indonesia",0,1,Brah,Brah,SE Asia Insular,abugida,"Brah > Sulawesi (2) Java (Kawi) (3,4,6) Brah (7)",,"SouthEast Asian (2,3,5)",,abugida (2-7)
72,Copt,204,Coptic,4.1,1,1,N/A,0,1,CODE2000BIS.TTF,2C80-2CB1,1,,,"Coptic (0,1,2,3...) (aka Sahidic)",x,Egypt,0,1,Grek,Grek,Europe,alphabet,"Greek (1,2,6,7)",,"Greek (1) Proto-Sinaitic & Egypt (3) European (2,5)",,alphabet (1-7)
73,Glag,225,Glagolitic,4.1,1,1,N/A,0,1,Quivira.ttf,2C00-2C5E,1,,,"Glagolitic (0,2,3)",x,Balkans,0,0,Grek,Grek,Europe,alphabet,"Greek (1,2,5,6)",,European „ Slavic (2) Europe (Greek) (3),,alphabet (1-7)
74,Khar,305,Kharoshthi,4.1,1,1,N/A,0,1,damase_v2.ttf,"10A00-10A06, 10A10-10A35",1,,10A34 and 10A35 missing / not produced,"Kharoshthi (0,1,2,3",x,"Gandhara, modern Pakistan/Afghanistan",0,0,Armi,Armi,India,abugida,"Armi (1,2,4,5,6)","Kharoshthi may or may not be a descendant of Brahmic, but it is traditionally considered an Indian script (all my sources classify him in that family), so included.","Indian (1,5) South Asian (2)æ South Asia & Brahmin (3)",,abugida (1-7)
75,Sylo,316,Syloti Nagri,4.1,1,1,N/A,0,1,NotoSansSylotiNagri-Regular.ttf,"A800-A801, A803-A805, A807-A822",1,,,Syloti Nagri (0) (aka Sylheti Nagri),x,"Sylhet region, Bangladesh",0,0,Kthi,Kthi,India,abugida,"Kaithi (5,7)",developped in Calcutta region and eastern part of Bangladesh. Culturally quite Indian.,Indic (5),,abugida (4-7)
76,Talu,354,New Tai Lue,4.1,1,1,N/A,0,1,DBSILBR.ttf,"1980-19AB, 19B1-19C7",1,,,New Tai Lue (0) (aka mdernised Lanna/Tai Tham),x,"Yunnan province, China, mountains of THailand, Vietnam, Myanmar",0,1,Lana,Lana,SE Asiaæ,abugida,"Lana (5,7)æ",,SouthEast Asian (5),,"alphabet (5,6), abugida (4,7)"
77,Tfng,120,Tifinagh (Berber),4.1,1,1,N/A,0,1,NotoSansTifinagh-Regular.ttf,2D30-2D67,1,,,"Berber (Tiffinagh) (0) Berber Scripts (2) Berber & Tifinagh (3) amazighe, Libyc, neo-tifinagh, Shiffinagh in Niger. Incl. info on Numidian)",x,"Tunisia, Morocco, Algeria",0,1,Phnx,Phnx,Europe,abjad,"Phnx (2,3,6,7)",,"Ancient Near Eastern: Semitic (2) Africa & Proto-Sinaitic > Aramaic, African (5)",,abjad (3-7)
78,Xpeo,30,Old Persian,4.1,1,1,N/A,0,1,Aegean.ttf,103A0-103C3,1,,,"Old Persian (0,1,2,3) (Cuneiform)",x,modern Iran,0,0,undocumented,,Middle East,alphabet,"Akkadian cuneiform (1,2,6)",,Cuneiform (1) Ancient Near Eastern: Semitic (2) West Asia &æ Cuneiform (3)æ Middle Eastern (5),,"alphabet (1,4,5), syllabary (2), logosyllabary(7), syllabic alphabet (3)"
79,Bali,360,Balinese,5,1,1,N/A,0,1,AksaraBaliGalang.ttf,1B05-1B33,1,,,"Balinese (0,2,5) (aka Carakan)",x,"Bali, Indonesia",0,1,Brah,Brah,SE Asia Insular,abugida,"Brah > Sulawesi (2) Brah (4) Java (Kawi) (5,6)",,æSouthEast Asian (2) South East Asian (5),,"abugida (4-7), syllabary (7)"
80,Nkoo,165,NÍKo,5,1,1,N/A,0,1,NotoSansNKo-Regular.ttf,07CA-07EA,1,,,NÍKo (0;2) (for Bambara),Soulemayne Kante,Mali,0,1,Arab,Arab,Modern Inventions,alphabet,Arab (6),,Modern Inventions (2) African (5),,"alphabet (2, 4-7)"
81,Phag,331,Phags-pa,5,1,1,N/A,0,1,NotoSansPhagsPa-Regular.ttf,A840-A866,1,,,"Phags-Pa (0,1,2,3) (Mongolian Horizontal Square Script, Mongolian Square)",Phags Pa,Mongolia (?),0,0,Tibt,Tibt,India,abugida,"Tibt (2,3,4,6)æ",,Indian (1) South Asian - Tibetan (2) East Asian & Brahmi (3) Central Asian (5),,abugida (1-7)
82,Phnx,115,Phoenician,5,1,1,N/A,0,1,EversonMono.ttf,10900-10915,1,,,"Phoenician (0,1,2,3) (aka Paleo-Hebrew, Proto-Sinaitic, etc.)",x,"Palestine, Lebanon, etc.",0,0,Armi,Armi,Middle East,abjad,"Proto-Canaanite (1,3,6,7) Armi (2)",,Semitic (1) Ancient Near Eastern: Semitic (2) West Asia &æ Proto-Sinaitic (3) Middle Eastern (5),,abjad (1-7)
83,Xsux,20,"Cuneiform, Sumero-Akkadian",5,1,1,N/A,0,1,problems with both available fonts,,0,"Problems with both available fonts (missing symbols, legibility)",,,,,,,,,,,,,,,
84,Cari,201,Carian,5.1,1,1,N/A,0,1,NotoSansCarian-Regular.ttf,102A0-102D0,1,,,"Carian (0,2,3,4,5)",x,"West. Anatolia, Turkey",0,0,Grek,Grek,Europe,alphabet,"Grek & Cprt (2) Greek (3,4,6) Hluw (7)",,European „ Anatolian (2) West Asia &æ Proto-Sinaitic (3) Middle Eastern (5),,alphabet (4-7)
85,Cham,358,Cham,5.1,1,1,N/A,0,1,CODE2000BIS.TTF,AA00-AA28,1,,,Cham,x,"Cambodia, Vietnam (5-7), southern Vietnam (4)",0,1,Gran,Gran,SE Asiaæ,abugida,"Grantha (6), Brahmi (4,5,7)",,"SouthEast Asia (2, 4), Mainland Southeast Asia (5,7), Austronesian(6)",,abugida (4-7)
86,Kali,357,Kayah Li,5.1,1,1,N/A,0,1,NotoSansKayahLi-Regular.ttf,A90A-A925,1,,,Kayah Li (0) (aka script of the Red Karen),Htae Bu Phae,"Kayah & Karen states, Myanmar",0,1,Brah,Brah,SE Asiaæ,alphabet,"Brah (5,6)",,SouthEast Asian (5),,alphabet (4-6)
87,Lepc,335,Lepcha (RÑng),5.1,1,1,N/A,0,1,NotoSansLepcha-Regular.ttf,1C00-1C23,1,,,"Lepcha, RÑng (0,2,3...)",x (speculations on inventors),Sikkim & Bhutan,0,1,Tibt,Tibt,SE Asiaæ,abugida,"Tibt (2,3,4,5,6)",,"æSouth Asian - Tibetan (2)æ South Asia (Himalaya) & Brahmin (3), Central Asian (5)",,abugida (3-7)
88,Lyci,202,Lycian,5.1,1,1,N/A,0,1,Aegean.ttf,10280-1029C,1,,,"Lycian (0,2,3)",x,"southern Anatolia, Turkey",0,0,Grek,Grek,Europe,alphabet,"Grek (2,3,4,6)",,European „ Anatolian (2) West Asia &æ Proto-Sinaitic (3) European (5),,alphabet (2-7)
89,Lydi,116,Lydian,5.1,1,1,N/A,0,1,Aegean.ttf,10920-10939,1,,,"Lydian (0,2,3)æ (incl. info on Phrygian)",x,"southern Anatolia, Turkey",0,0,Grek,Grek,Europe,alphabet,"Grek (2,3,4,6,7)",,European „ Anatolian (2) West Asia &æ Proto-Sinaitic (3) European (5),,alphabet (2-7)
90,Olck,261,"Ol Chiki (Ol CemetÍ, Ol, Santali)",5.1,1,1,N/A,0,1,NotoSansOlChiki-Regular.ttf,1C5A-1C77,1,,,"Ol CemetÍ (aka Ol Chiki, for Santali language) (0,2)",Raghunath Murmu,"India, Bangladesh, Bhutan, NEpal",1,1,none,,Modern Inventions,alphabet,,,Modern Inventions: Munda (2) Indic (5),,"alphabet (2, 4-7)"
91,Rjng,363,"Rejang (Redjang, Kaganga)",5.1,1,1,N/A,0,1,NotoSansRejang-Regular.ttf,A930-A946,1,,,"Rejang (Redjang, Kaganga) (0,2,3)",x,"Sumatra, Indonesia",0,1,Brah,Brah,SE Asia Insular,abugida,"Brah > Sulawesi (2) Brah> Java (Kawi) (3,6,7) Brah (4)",,"æSouthEast Asian (2,3) Insular SE Asian (5)",,abugida (3-7)
92,Saur,344,Saurashtra,5.1,1,1,N/A,0,1,NotoSansSaurashtra-Regular.ttf,A882-A8B3,1,,,Saurashtra (0),x,"Gujarat, India",0,1,Gran,Gran,India,abugida,Brah > Gran (6),,Indic (5),,abugida (4-7)
93,Sund,362,Sundanese,5.1,1,1,N/A,0,1,NotoSansSundanese-Regular.ttf,"1B83-1BA0, 1BBB-1BBF, 1BAE-1BAF",1,,,Sundanese (0),x,"West Java, Indonesia",0,1,Brah,Brah,SE Asia Insular,abugida,Brah (4) Brah > Kawi (java) (6),,Insular SE Asia,,abugida (4-7)
94,Vaii,470,Vai,5.1,1,1,N/A,0,1,NotoSansVai-Regular.ttf,"A500-A60C, A610-A612, A62A-A62B",1,,,"Vai (0,2)",MÏmÏlu Duwalu Buk_l_ (Liberia),Liberiaæ,1,1,none,,Modern Inventions,syllabary,,,Modern Inventions (2) Africa (5),,"syllabary (2, 4-7)"
95,Armi,124,Imperial Aramaic,5.2,1,1,N/A,0,1,NotoSansImperialAramaic-Regular,10840-10855,1,,,"Imperial Aramaic (0,5) Aramaic (1,2,3,7) Modern Aramaic (2)",x,Palestine,0,0,Phnx,Phnx,Middle East,abjad,"Phnx (2,3,4,5)",,"Semitic (1,4) Ancient Near Eastern: Semitic. Also: Middle Eastern (2) West Asia &æ Proto-Sinaitic (3) Middle Eastern (5)",,"abjad (1-6) alphabet (4,7)"
96,Avst,134,Avestan,5.2,1,1,N/A,0,1,ahuramazda.ttf,10B00-10B35,1,,,"Avestan (0,2,3,5)",x,Eastern Iran,0,0,Phli,Phli,Middle East,alphabet,"Phli (2,3,4,5,6, 7)",,Middle Eastern: Aramaic for Iranian (2) West Asia &æ Proto-Sinaitic (3) Middle Eastern (5),,"alphabet (2, 4-7), consonantal alphabet (3)"
97,Bamu,435,Bamum,5.2,1,1,N/A,0,1,NotoSansBamum-Regular.ttf,A6A0-A6EF,1,,,"Bamum (0,2,4,5,8)",King Njoya of Cameroon,Cameroon,1,0,none,,Modern Inventions,syllabary,,,Modern Inventions (2) African (5),,"syllabary (2, 4-7)"
98,Egyh,60,Egyptian hieratic,5.2,1,1,N/A,1,0,,,0,Unified with with Egyp,,,,,,,,,,,,,,,
99,Egyp,50,Egyptian hieroglyphs,5.2,1,1,N/A,0,1,NotoSansEgyptianHieroglyphs-Regular.ttf,13000-1342E,1,,,Egyptian hieroglyphs,x,Egypt (1-7),0,0,none,,Middle East,logosyllabary,,,"Middle East (2,4,7), Africa (1,3,6)",,"logosyllabary (2, 4,5) logophonetic (3)"
100,Java,361,Javanese,5.2,1,1,N/A,0,1,TuladhaJejeg_gr.ttf,A984-A9B2,1,,,"Javanese (0,3) (excl. Bali)æ Java and Bali (Kawi traditional form) (2)",x,"Indonesia, Java",0,0,Brah,Brah,SE Asia Insular,abugida,"Brah >Kawi (2,3,4,5,6,7)",,"æSouthEast Asian (2,3,4,5)",,abugida (3-7)
101,Kthi,317,Kaithi,5.2,1,1,N/A,0,1,NotoSansKaithi-Regular.ttf,11083-110AF,1,,,"Kaithi (0,4)",x,North India,0,1,Deva,Deva,India,abugida,Brah (4) Deva (5),,æSouthEast Asian (2) South Asia (North India) (4) Indic (5),,abugida (4-7)
102,Lana,351,Tai Tham (Lanna),5.2,1,1,N/A,0,1,lannaalif-v1-03.ttf,1A20-1A54,1,,,"Tai Tham (0)æ Lanna, Yuan",x,Thailand,0,1,Brah,Brah,SE Asiaæ,abugida,Brah (6),,Indic (5),,abugida (4-7)
103,Lisu,399,Lisu (Fraser),5.2,1,1,N/A,0,1,Quivira.ttf,A4D0-A4F7,1,,,"Fraser, Lisu (0,2)",James Fraser,"Mountains of Myanmar, near borders w. China, Thailand & Arunachal Pradesh",0,1,Latn,Latn,Modern Inventions,alphabet,"Latn (2,4)",,"Modern Inventions (2), East Asian",,"alphabet (4-6), alphasyllabary (5,7)"
104,Mtei,337,"Meitei Mayek (Meithei, Meetei)",5.2,1,1,N/A,0,1,NotoSansMeeteiMayek-Regular.ttf,"ABC0-ABE2, AAE0-AAEA",1,,,"Meitei Mayek (Meithei, Meetei) (0,3)æ",x,"Manipur, NE India",0,1,Beng,Beng,India,abugida,"Tibt (3) Brah (4), Beng (5,7)",,South Asiaæ - India & Brahmiæ (3) Indic 5),,abugida (3-6)
105,Orkh,175,"Old Turkic, Orkhon Runic",5.2,1,1,N/A,0,1,NotoSansOldTurkic-Regular.ttf,10C00-10C48,1,,,"Old Turkish, Orkhon Runic (0,3)",x,Central Asia,0,0,Syrc,Syrc,Middle East,alphabet,Armi (4) Armi > Syrc (6),,Central Asia & Aramaic (3) Central Asia (5),,alphabet (2-7)
106,Phli,131,Inscriptional Pahlavi,5.2,1,1,N/A,0,1,NotoSansInscriptionalPahlavi-Regular.ttf,10B60-10B72,1,,,"Inscriptional Pahlavi (0,5,6) Book Pahlavi (2) (Middle Persian scripts) Pahlavi (3)",x,modern Iran,0,0,Armi,Armi,Middle East,abjad,"Armi (2,3,4,6,7)",,Middle Eastern: Aramaic for Iranian (2) West Asia &æ Proto-Sinaitic (3) Middle Eastern (5),,abjad (3-7)
107,Prti,130,Inscriptional Parthian,5.2,1,1,N/A,0,1,NotoSansInscriptionalParthian-Regular.ttf,10B40-10B55,1,,,"Inscriptional Parthian (0,4) Parthan scriptæ (2)",x,modern Iran,0,0,Armi,Armi,Middle East,abjad,"Armi (4,5,6,7)",,Middle Eastern (5),,abjad (4-7)
108,Samr,123,Samaritan,5.2,1,1,N/A,0,1,EversonMono.ttf,0800-0815,1,,,"Samaritan (0,3)",x,Palestine,0,1,Phnx,Phnx,Europe,abjad,"Phnx > Old Hebrew (2,3,4,6,7) Phnx (4,5)","included, in spite of location, because of the phylogeny","West Asia &æ Proto-Sinaitic (3), Middle Eastern (2)",,abjad (3-7)
109,Sarb,105,Old South Arabian,5.2,1,1,N/A,0,1,EversonMono.ttf,10A60-10A7C,1,,,"Old South Arabian (0,3) (aka Sabean, Sabaean, Sabaic) (incl. info on Thamudic)",x,Yemen & Eritrea,0,0,Phnx,Phnx,Middle East,abjad,"Proto-Sinaitic (3,6,7)",,West Asia &æ Proto-Sinaitic (3) Middle Eastern (5),,abjad (2-7)
110,Tavt,359,Tai Viet,5.2,1,1,N/A,0,1,NotoSansTaiViet-Regular.ttf,"AA80-AAAF, AAB1, AAB5-B6, AAB9-AABD",1,,,Tai Viet (0) Tai Dam,x,"Borders of Vietnam, Laos, Thailand, China",0,1,Thai,Thai,SE Asiaæ,abugida,"Thai (4,7)",,"SouthEast Asian (4,5)",,abugida (4-6)
111,Batk,365,Batak,6,1,1,N/A,0,1,Batak-Unicode-Regular.otf,1BC0-1BE5,1,,,"Batak (0,2,4,5) (used to write the Karo, Mandailing, Simalungun & Toba dialects of Batak)",x,"North Sumatra, Indonesia",0,1,Brah,Brah,SE Asia Insular,abugida,"Brah > Sulawesi (2) Brah (4) Brah > Java (Kawi) (5,6,7)",,"æSouthEast Asian (2,5)",,"abugida (4-7), syllabary (2)"
112,Brah,300,Brahmi,6,1,1,N/A,0,1,NotoSansBrahmi-Regular.ttf,11005-11037,1,,,"Brahmi (0,1,2,3,5...)",x,North & Central India,0,0,Armi,Armi,India,abugida,"Armi (1,4)",,"Indian (1,5) South Asian (2)æ South Asia & Brahmin (3)æ",,abugida (1-7)
113,Mand,140,"Mandaic, Mandaean",6,1,1,N/A,0,1,NotoSansMandaic-Regular.ttf,0840-0858,1,,,"Mandaicæ (0,2,3) (incl. info about Elymaic)æ",x,Mesopotamia (Iraq),0,1,Armi,Armi,Middle East,alphabet,"Armi (2,3,4,6,7)",,Middle Eastern: Aramaic (2) West Asia &æ Proto-Sinaitic (3) Middle Eastern (5),,alphabet (2-7)
114,Cakm,349,Chakma,6.1,1,1,N/A,0,1,RibengUni-Regular.ttf,11103-11126,1,,,Chakma (0) (aka Ojapath),x,"Chittagongh, Bangladesh",0,0,Brah,Brah,SE Asiaæ,abugida,"Brah (5,6,7)",,India (5),,abugida (4-7)
115,Merc,101,Meroitic Cursive,6.1,1,1,N/A,0,1,SegoeUihistoric.ttf,109A0-109B7,1,,,Meroitic cursive (0),x,"near Shendi, Sudan",0,0,undocumented,,Middle East,alphabet,Egyptian (6),,Middle Eastern (5),,"alphabet (2,4,7), abugida (5,6), syllabary (3)"
116,Mero,100,Meroitic Hieroglyphs,6.1,1,1,N/A,0,1,NotoSansMeroitic-Regular.ttf,10980-1099D,1,,,"Meroitic hieroglyphs (0,2,3)",x,"near Shendi, Sudan",0,0,undocumented,,Middle East,alphabet,"Egyptian (2,3)",,Ancient Near Eastern (2) Africa & Egyptian (3) Middle Eastern (5),,"alphabet (2,4,7), abugida (6), syllabary (3), logosyllabary (5)"
117,Plrd,282,Miao (Pollard),6.1,1,1,N/A,0,1,MiaoUnicode-Regular.ttf,16F00-16F44,1,,,"Miao (Pollard) (0,2)",Samuel Pollard,"Zhaotong, China",1,1,none,,Modern Inventions,abugida,"fusion Cree, Latn (4)",,Modern Inventions (2) East Asian (5),,"syllabary (4), abugida (2, 5-7)"
118,Shrd,319,"Sharada, __rad_",6.1,1,1,N/A,0,1,NotoSansSharada-Regular.ttf,11183-111B2,1,,,"Sharada - Sarada (0,3) Sharda (aka Kashmiri) (incl. info on Kashmiri) (for Sanskrit)æ",x,Kashmir,0,1,Brah,Brah,India,alphabet,"Brah > Gupta (3,5,6) Brah (4,7)",,æSouth Asia & Brahmin (3) Indic (5),,alphabet (3-7)
119,Sora,398,Sora Sompeng,6.1,1,1,N/A,0,1,Code200365k.ttf,110D0-110E8,1,,,"Sora Sampeng (0,2)",Mangei Gomango,"South Orissa, Eastern India",1,1,none,,Modern Inventions,abugida,,,Modern Inventions: Munda (2) Indic (5),,"alphabet (2,4,7), syllabary (5,7), abugida (5-7)"
120,Takr,321,"Takri, __kr_, ___kr_",6.1,1,1,N/A,0,1,Albanian.otf,11680-116AA,1,,,"Takri, Tankri (0,3)",x,"Jammu & Kashmir, India",0,0,Shrd,Shrd,India,abugida,"Shrd (3,4,6)",,æSouth Asia & Brahmin (3) Indic (5),,abugida (3-7)
121,Aghb,239,Caucasian Albanian,7,1,1,N/A,0,1,NotoSansCaucasianAlbanian-Regular,10530-10563,1,,,"Caucasian Albanian (0,5) aka Old Udi)",Mesrop Mashtots,"Eastern Caucasus, Azerbaijan",0,0,Grek,Grek,Europe,alphabet,"Grek, Armn (4)",,,,"alphabet (2, 4-7)"
122,Bass,259,Bassa Vah,7,1,1,N/A,0,1,NotoSansBassaVah-Regular.ttf,16AD0-16AED,1,,,"Bassa Vah (0,5) aka Vah (for Bassa)","Dr. Thomas Flo Narvin Lewis of Hodoahzon, Liberia",Liberia (or Western Africa),1,0,none,,Modern Inventions,alphabet,,,African (5),,alphabet (4-7)
123,Dupl,755,"Duployan shorthand, Duployan stenography",7,1,1,N/A,1,0,,,0,Stenography,,,,,,,,,,,,,,,
124,Elba,226,Elbasan,7,1,1,N/A,0,1,EversonMono.ttf,10500-10527,1,,,Elbasan (0) (Todhri),x,"Elbasan, Albania",0,0,Grek,Grek,Europe,alphabet,"Grek (4,5)",,European (5),,alphabet (4-7)
125,Gran,343,Grantha,7,1,1,N/A,0,1,NotoSansGrantha-Regular.ttf,11305-11339,1,,,"Grantha (0,3,5...) (for Sanskrit)",x,Southern tip of India,0,1,Brah,Brah,India,abugida,"Brah (3,5,6,7)",,æSouth Asia & Brahmin (3) Indic (5),,abugida (2-7)
126,Hmng,450,Pahawh Hmong,7,1,1,N/A,0,1,NotoSansPahawhHmong-Regular.ttf,16B00-16B2F,1,,,"Pahawh Hmong (0,1,2)",Shong Lue Yang,"Fi Tong, Vietnam",1,1,none,,Modern Inventions,alphabet,"fusion (1,2,6)",,"Others (1) Modern Inventuions (2), East Asia (5)",,"alphabet (2,4,7), partially syllabic (1,5,6?,7?)"
127,Khoj,322,Khojki,7,1,1,N/A,0,1,NotoSansKhojki-Regular.ttf,11200-1122B,1,,,Khojki (0) (aka Sindhi),Pir Sadardin,"Sindh, Pakistan",0,0,Shrd,Shrd,India,abugida,"Brah (4) Shrd (5,6) Landa (7)",,South Asia (4) Indic (5),,abugida (4-7)
128,Lina,400,Linear A,7,1,1,N/A,1,0,,,0,Undeciphered,,,,,,,,,,,,,,,
129,Mahj,314,Mahajani,7,1,1,N/A,0,1,NotoSansMahajani-Regular.ttf,11150-11172,1,,,Mahajani (0),x,Northern India,0,0,Brah,Brah,India,alphabet,,,Indic (5),,"alphabet (4,5), abugida (5,6)"
130,Mani,139,Manichaean,7,1,1,N/A,0,1,NotoSansManichaean-Regular.ttf,10AC0-10AE4,1,,,Manichean (0),x,modern Iran,0,0,Syrc,Syrc,Middle East,abjad,"Armi (2,4,6) Syrc (5)",,Middle Eastern: Aramaic (2) Middle Eastern (5),,abjad (4-6)
131,Mend,438,Mende Kikakui,7,1,1,N/A,0,1,NotoSansMendeKikakui-Regular.ttf,1E800-1E8C4,1,,,"Mende Kikaui (0,4)","Kisimi Kamara of Potoru, Sierra Leone",Sierra Leone,0,1,Vaii,Vaii,Modern Inventions,syllabary,Vaii (4),,African (5),,"syllabary (4, 6,7), abugida (5)"
132,Modi,324,"Modi, Mo__",7,1,1,N/A,0,1,NotoSansModi-Regular.ttf,11600-1162F,1,,,"Modi, Mo__",Hem__pant (6),"state of Maharashtra, India (3-7)",0,0,Deva,Deva,India,abugida,"Devanagari (5-7), Brahmi (3,4), Marathi (3)",,"South Asia (2-4), Indic (5)",,abugida (3-7)
133,Mroo,264,"Mro, Mru",7,1,1,N/A,0,1,MroUnicode-Regular.ttf,16A40-16A5E,1,,,"Mro, Mru (0)",Menlay Murang,"Chittagongh, Bangladesh",1,1,none,,Modern Inventions,alphabet,,,Indic (5),,alphabet (4-7)
134,Narb,106,Old North Arabian (Ancient North Arabian),7,1,1,N/A,0,1,NotoSansOldNorthArabian-Regular.ttf,10A80-10A9C,1,,,Old North Arabian (Ancient) (0),x,"Iraq, Jordan, Syria, Saudi Arabia",0,0,Phnx,Phnx,Europe,abjad,Phnx (4),"included, in spite of location, because of the phylogeny",,,abjad (4-6)
135,Nbat,159,Nabataean,7,1,1,N/A,0,1,NotoSansNabataean-Regular.ttf,10880-1089E,1,,,"Nabatean (0,2,3)",x,"Petra, Jordan",0,0,Syrc,Syrc,Middle East,abjad,"Armi (2,3,7) Armi > Syrc (6)",,"Middle Eastern (2,5) West Asia &æ Proto-Sinaitic (3)",,abjad (2-7)
136,Palm,126,Palmyrene,7,1,1,N/A,0,1,NotoSansPalmyrene-Regular.ttf,10860-10876,1,,,"Palmyrene (0,2,3)",x,"Palmyra, Syria",0,0,Armi,Armi,Middle East,abjad,"Armi (2,3,5,6)",,Ancient Near Eastern: Semitic (2) West Asia &æ Proto-Sinaitic (3) Middle Eastern (5),,abjad (2-6)
137,Pauc,263,Pau Cin Hau,7,1,1,N/A,0,1,NotoSansPauCinHau-Regular.ttf,11AC0-11AE4,1,,,Pau Cin Hau Alphabet,Pau Cin Hau (4-6),Myanmar (4-5) Burma (6),1,1,none,,Modern Inventions,alphabet,,"included in Modern Inventions (more relevant than location, and no relation to Brahmi)",Mainland Southeast Asian (5),,alphabet (4-6)
138,Perm,227,Old Permic,7,1,1,N/A,0,1,EversonMono.ttf,10350-10375,1,,,Old Permic (0) (Abur) (for Komi),x,"c. Komi Republic, Russia",0,0,Cyrs,Cyrs,Europe,alphabet,"Cyrs (5,6,7)",,European (5),,"alphabet (2, 4-7)"
139,Phlp,132,Psalter Pahlavi,7,1,1,N/A,0,1,NotoSansPsalterPahlavi-Regular.ttf,10B80-10B91,1,,,Psalter Pahlavi,x,"Chinese Turkestan(2), middle Iran(5), northwest of China(7)",0,0,Armi,Armi,Middle East,abjad,"Aramaic (2,3,5)",,Middle East (2-6),,abjad (4-7)
140,Sidd,302,"Siddham, Siddha_, Siddham_t_k_",7,1,1,N/A,0,1,Muktamsiddham.otf,11580-115AE,1,,"Remapped - 4 symbols missing (1159B, 1159C, 1159D, 1159E)","Siddham, Siddha_, Siddham_t_k_",x,"(southern) India (4-5), China(6), Japan (1, 7) and Korea (4)",0,1,Brah,Brah,India,abugida,"Gupta (6), Brahmi  (1,2,4-5,7)",included in the Indic family for its origin in India (it was then exported to China and Japan),"Southeast Asia (2), South & Central Asia (4), Indic (5)",,abugida (4-7)
141,Sind,318,"Khudawadi, Sindhi",7,1,1,N/A,0,1,NotoSansKhudawadi-Regular.ttf,112B0-112DE,1,,,Sindhi (Khudawadi) (0),x,"SIndh, Pakistan",0,0,undocumented,,Modern Inventions,abugida,,,Indic (5),,"abugida (4-6), abjad (2)"
142,Tirh,326,Tirhuta,7,1,1,N/A,0,1,NotoSansTirhuta-Regular.ttf,11481-114AF,1,,,"Tirhutaæ (0) (Maitli, Maithili...)",x,"Bihar, India",0,1,Brah,Brah,India,abugida,Brah (4),,Indic (5),,abugida (4-6)
143,Wara,262,Warang Citi (Varang Kshiti),7,1,1,N/A,0,1,NotoSansWarangCiti-Regular.ttf,118A0-118DF,1,,,Warang-Kshiti (0) (for Ho),Lako Bodra,"Bihar & Orissa, India",1,1,none,,Modern Inventions,abugida,,,Modern Inventions (2) Africa (5),,"alphabet (4), abugida (5-7)"
144,Ahom,338,"Ahom, Tai Ahom",8,1,1,N/A,0,1,AhomUni.initial.ttf,11700-1171A,1,,1171A missing,"Ahom, Tai Ahom",x,"state of Assam, India (4,6-7)",0,1,Brah,Brah,India,abugida,"Old Mon, from Brahmi (5), Brahmi (4, 6-7)",India because of place,"South & Central Asia (4), Mainland Southeast Asian (5), Indic (7)",,"abugida, alphasyllabary (4-7)"
145,Hatr,127,Hatran,8,1,1,N/A,1,0,,,0,Variant of Aramaic,,,,,,,,,,,,,,,
146,Hluw,80,"Anatolian Hieroglyphs (Luwian Hieroglyphs, Hittite Hieroglyphs)",8,1,1,N/A,0,1,NotoSansAnatolianHieroglyphs-Regular.ttf,14400-14646,1,,,"Anatolian Hieroglyphs (Luwian Hieroglyphs, Hittite Hieroglyphs)",x,Turkey and Syria (Anatolia),0,0,none,,Middle East,logosyllabary,,,"Middle East (2,4-5), West Asia (3)",,"logosyllabary (2,4,5) logophonetic (3,7), logographic (6)"
147,Hung,176,Old Hungarian (Hungarian Runic),8,1,1,N/A,0,1,OldHungarian.ttf,10C80-10CF2,1,,,"Old Hungarian (Hungarian Runic) (0,3)æ (Old Hungarian Alphabet) (incl. info on Carpathian Rovas & Khazarian rovas)",x,"Pannonia, Hungary (?)",0,0,Orkh,Orkh,Middle East,alphabet,Orkh (3),"included in the Middle Eastern family, in spite of their location, because of their connection with Syriac through Orkhon.",Europe & Proto-sinaitic (3) Europe (5),,"alphabet (3-4, 6-7), abjad (5)"
148,Mult,323,Multani,8,1,1,N/A,0,1,NotoSansMultani-Regular.ttf,11280-112A8,1,,,"Multani (Karikki or Sarai, Unicode)",x,"India (Punjab), Pakistan",0,0,Shrd,Shrd,India,abjad,"Landa (4,6) Sharada (6)",,"South & Central Asia (4), Indic (5)",,"abjad (4-5), abugida (6)"
149,Sgnw,95,SignWriting,8,1,1,N/A,1,0,,,0,Not a static visual writing system,,,,,,,,,,,,,,,
150,Adlm,166,Adlam,9,1,1,N/A,0,1,NotoSansAdlam-Regular,1E900-1E943,1,,,Adlam,brothers Ibrahima and Abdoulaye Barry (4-7),"Guinea (4-7), Nigeria (4,6), learning centres in Togo, Senegal, Benin, and even in New York (7)",1,1,none,,Modern Inventions,alphabet,,,"Modern Inventions (4, 6, 7)",,alphabet (4-7)
151,Bhks,334,Bhaiksuki,9,1,1,N/A,0,1,NotoSansBhaiksuki-Regular.ttf,11C00-11C2E,1,,,"Bhaiksuki (""Arrow-Headed script"", Scriptsource)",x,"India (Bihar, West Bengal), Bangladesh, Tibet, Nepal, Burma",0,0,Brah,Brah,India,abugida,"Gupta (6), Brahmi (4)",included because of its location and connection to Brahmic,"South & Central Asia (4), Indic (5)",,abugida (4-6)
152,Marc,332,Marchen,9,1,1,N/A,0,1,BabelStoneMarchen.ttf,11C72-11C8F,1,,,Marchen,x,Tibet (4-5),0,1,Brah,Brah,India,abugida,Brahmi (4),,"South & Central Asia (4), Indic (5)",,abugida (4-6)
153,Newa,333,"Newa, Newar, Newari, Nep_la lipi",9,1,1,N/A,0,1,NotoSansNewa-Regular.ttf,11400-11434,1,,,"Newa, Newar, Newari, Nep_la lipi",x,Nepal (4-6),0,1,Sidd,Sidd,India,abugida,"Siddham (6), Brahmi (4-5)",,"South & Central Asia (4), Indic (5)",,abugida (4-6)
154,Osge,219,Osage,9,1,1,N/A,0,1,NotoSansOsage-Regular.ttf,104B0-104FB,1,,,Osage,Herman Mongrain Lookout (6),"USA (Oklahoma, Missouri, Arkansas, Kansas and Texas)",0,1,Latn,Latn,Modern Inventions,alphabet,Latin (4-6),,"America (4,5)",,alphabet (4-7)
155,Tang,520,Tangut,9,1,1,N/A,0,1,TangutYinchuan.ttf,17000-187F1,1,,,Tangut,"Teacher Iri (2,7)","northwestern China (2-4,7)",0,0,none,,East Asian,logosyllabary,No known ancestor (superficial ressemblance with Chinese),,East Asian (2-6),,"logosyllabary (2, 4-7 )"
156,Afak,439,Afaka,N/A,1,0,1,0,1,afaka.ttf,16C80-16CB7,1,,"Remapped, modern extensions were not available in the only font that exists for this, 1 missing (16C87)","Afaka (0,4,5)",Afàka Atumisi,"Republic of Suriname, South America",1,0,none,,Modern Inventions,syllabary,,,American (5),,"syllabary (2, 4-7)"
157,Blis,550,Blissymbols,N/A,1,0,1,1,0,,,0,Not a visual writing system,,,,,,,,,,,,,,,
158,Cirt,291,Cirth,N/A,1,0,1,1,0,,,0,Fictional writing system.,,,,,,,,,,,,,,,
159,Cpmn,402,Cypro-Minoan,N/A,1,0,1,1,0,,,0,"Undeciphered, and not in Unicode (only a very preliminary proposal)",,,,,,,,,,,,,,,
160,Dogr,328,Dogra,N/A,1,0,1,0,1,No available font,,0,No available font,,,,,,,,,,,,,,,
161,Egyd,70,Egyptian demotic,N/A,1,0,0,1,0,,,0,"Not in Unicode, and without a valid proposal",,,,,,,,,,,,,,,
162,Gong,312,Gunjala Gondi,N/A,1,0,1,0,1,No available font,,0,No available font,,,,,,,,,,,,,,,
163,Hmnp,451,Nyiakeng Puachue Hmong,N/A,1,0,1,0,1,MONG1_10.TTF,1E100-1E12C,1,,Remapped,Nyiakeng Puachue Hmong,"Reverend Chervang Kong (4), United Christians Liberty Evangelical Church (5,6)","USA, Laos, Thailand, Vietnam, France, and Australia (4-6)",0,1,Hebr,Hebr,Modern Inventions,alphabet,"Hebrew, for characters' shape (4,6) Lao for structure (6)",,"Modern Inventions (4,6)",,alphabet (4-5)
164,Inds,610,Indus (Harappan),N/A,1,0,1,1,0,,,0,Undeciphered,,,,,,,,,,,,,,,
165,Jurc,510,Jurchen,N/A,1,0,1,1,0,,,0,Only partially deciphered,,,,,,,,,,,,,,,
166,Kitl,505,Khitan large script,N/A,1,0,1,1,0,,,0,Not fully deciphered,,,,,,,,,,,,,,,
167,Kits,288,Khitan small script,N/A,1,0,1,1,0,,,0,Not fully deciphered,,,,,,,,,,,,,,,
168,Kpel,436,Kpelle,N/A,1,0,1,0,1,Problem,,0,Too many missing symbols,,,,,,,,,,,,,,,
169,Leke,364,Leke,N/A,1,0,1,0,1,No available font,,0,No available font,,,,,,,,,,,,,,,
170,Loma,437,Loma,N/A,1,0,1,0,1,Problem,,0,Couldn't be remapped,,,,,,,,,,,,,,,
171,Maka,366,Makasar,N/A,1,0,1,0,1,No available font,,0,No available font,,,,,,,,,,,,,,,
172,Maya,90,Mayan hieroglyphs,N/A,1,0,1,1,0,,,0,"Not fully deciphered (only ""substantially"")",,,,,,,,,,,,,,,
173,Medf,265,"Medefaidrin (Oberi Okaime, Oberi _kaim_)",N/A,1,0,1,0,1,No available font,,0,No available font,,,,,,,,,,,,,,,
174,Moon,218,"Moon (Moon code, Moon script, Moon type)",N/A,1,0,1,1,0,,,0,Not a static visual writing system,,,,,,,,,,,,,,,
175,Nkdb,85,"Naxi Dongba (na___i__ to__ba__, Nakhi Tomba)",N/A,1,0,1,1,0,,,0,Shamanic pictographs,,,,,,,,,,,,,,,
176,Nkgb,420,"Naxi Geba (na___i__ g___ba__, 'Na-'Khi _Gg_-_baw, Nakhi Geba)",N/A,1,0,1,1,0,,,0,Phonetic alphabet,,,,,,,,,,,,,,,
177,Phlv,133,Book Pahlavi,N/A,1,0,1,0,1,No available font,,0,No available font,,,,,,,,,,,,,,,
178,Piqd,293,Klingon (KLI pIqaD),N/A,1,1,0,1,0,,,0,Fictional writing system.,,,,,,,,,,,,,,,
179,Rohg,167,Hanifi Rohingya,N/A,1,0,1,0,1,RohingyaKuna.ttf,"10D00-10D21, excl. 10D1C",1,,Remapped: 1 symbols missing (10D14),Hanifi Rohingya,(Maolana) Mohammad Hanif and his colleagues (4-7),"Myanmar(4-5,7), Burma(7), Bangladesh(4,7)",0,1,Arab,Arab,Modern Inventions,alphabet,Arabic (4-7),,"Modern Inventions (4,6)",,alphabet (4-7)
180,Roro,620,Rongorongo,N/A,1,0,1,1,0,,,0,Undeciphered,,,,,,,,,,,,,,,
181,Sara,292,Sarati,N/A,1,0,0,1,0,,,0,Fictional writing system.,,,,,,,,,,,,,,,
182,Shui,530,Shuishu,N/A,1,0,1,0,1,No available font,,0,No available font,,,,,,,,,,,,,,,
183,Sogd,141,Sogdian,N/A,1,0,1,0,1,No available font,,0,No available font,,,,,,,,,,,,,,,
184,Sogo,142,Old Sogdian,N/A,1,0,1,0,1,No available font,,0,No available font,,,,,,,,,,,,,,,
185,Teng,290,Tengwar,N/A,1,0,1,1,0,,,0,Fictional writing system.,,,,,,,,,,,,,,,
186,Visp,280,Visible Speech,N/A,1,0,0,1,0,,,0,Not a static visual writing system,,,,,,,,,,,,,,,
187,Wcho,283,Wancho,N/A,1,0,1,0,1,No available font,,0,No available font,,,,,,,,,,,,,,,
188,Wole,480,Woleai,N/A,1,0,1,0,1,No available font,,0,No available font,,,,,,,,,,,,,,,
189,,,Bagam,N/A,0,0,1,1,0,,,0,Not completely deciphered,,,,,,,,,,,,,,,
190,,,"Balti ""A""",N/A,0,0,1,0,1,No available font,,0,No available font,,,,,,,,,,,,,,,
191,,,"Balti ""B""",N/A,0,0,1,1,0,,,0,Insufficient documentation (based on only one manuscript),,,,,,,,,,,,,,,
192,,,Dhives Akuru,N/A,0,0,1,0,1,No available font,,0,No available font,,,,,,,,,,,,,,,
193,,,Diwani Siyaq,N/A,0,0,1,1,0,,,0,Numbers only,,,,,,,,,,,,,,,
194,,,Eskaya,N/A,0,0,1,0,1,No available font,,0,No available font,,,,,,,,,,,,,,,
195,,,Garay,N/A,0,0,1,0,1,No available font,,0,No available font,,,,,,,,,,,,,,,
196,,,Kawi,N/A,0,0,1,0,1,No available font,,0,No available font,,,,,,,,,,,,,,,
197,,,Khema (Gurung),N/A,0,0,1,0,1,No available font,,0,No available font,,,,,,,,,,,,,,,
198,,,Kirat Rai,N/A,0,0,1,0,1,No available font,,0,No available font,,,,,,,,,,,,,,,
199,,,Mwangwego,N/A,0,0,1,0,1,No available font,,0,No available font,,,,,,,,,,,,,,,
200,,,Pau Cin Hau Syllabary,N/A,0,0,1,0,1,No available font,,0,No available font,,,,,,,,,,,,,,,
201,,,Persian Siyaq,N/A,0,0,1,1,0,,,0,Numbers only,,,,,,,,,,,,,,,
202,,,Pyu,N/A,0,0,1,0,1,No available font,,0,No available font,,,,,,,,,,,,,,,
203,,,Tangsa (Mossang),N/A,0,0,1,0,1,No available font,,0,No available font,,,,,,,,,,,,,,,
204,,,Tangsa (Khimhun),N/A,0,0,1,0,1,No available font,,0,No available font,,,,,,,,,,,,,,,
205,,,Indic Siyaq,N/A,0,0,1,1,0,,,0,Numbers only,,,,,,,,,,,,,,,
206,,,Elymaic,N/A,0,0,1,0,1,No available font,,0,No available font,,,,,,,,,,,,,,,
207,,,Nandinagari,N/A,0,0,1,0,1,No available font,,0,No available font,,,,,,,,,,,,,,,
208,,,Ottoman Siyaq,N/A,0,0,1,1,0,,,0,Numbers only,,,,,,,,,,,,,,,